{
  "meta": {
    "label": "Answers",
    "description": "'Answers' provides a conversational interface for both engaging with a language model and exploring documents.",
    "icon": "icon-picture"
  },
  "paramsPythonSetup": "params_helper.py",
  "baseType": "STANDARD",
  "enableJavascriptModules": "true",
  "backendAPIAccessEnabled": true,
  "hasBackend": "true",
  "noJSSecurity": "true",
  "standardWebAppLibraries": ["jquery", "dataiku", "font_awesome"],
  "params": [
    {
      "name": "sepconvo",
      "label": "Conversations store configuration",
      "type": "SEPARATOR"
    },
    {
      "type": "DATASET",
      "name": "logging_dataset",
      "label": "Conversation History Dataset *",
      "description": "The dataset that contains the history of user queries and LLM responses. Must be SQL.",
      "mandatory": true,
      "acceptsDataset": true,
      "canSelectForeign": false,
      "canCreateDataset": true,
      "markCreatedAsBuilt": true
    },
    {
      "type": "BOOLEAN",
      "name": "show_advanced_logging_settings",
      "label": "Show advanced logging settings",
      "defaultValue": false,
      "mandatory": false
    },
    {
      "type": "BOOLEAN",
      "name": "index_chat_history",
      "label": "Index the chat history dataset (indexing is only beneficial for specific database types)",
      "visibilityCondition": "model.show_advanced_logging_settings",
      "description": "Only change this settings if you are certain that it is required to improve chat history performance.",
      "defaultValue": false,
      "mandatory": false
    },
    {
      "type": "BOOLEAN",
      "name": "permanent_delete",
      "label": "Permanent delete",
      "defaultValue": true,
      "mandatory": false,
      "description": "If 'Permanent delete' is set to true, the deleted and cleared conversation records will be lost. Set this parameter to false, if you want to always keep archived conversations in the dataset"
    },
    {
      "type": "ARRAY",
      "name": "feedback_positive_choices",
      "label": "Positive feedback choices",
      "description": "The positive feedback choices to be displayed to the user",
      "defaultValue": [],
      "visibilityCondition": "model.logging_dataset"
    },
    {
      "type": "ARRAY",
      "name": "feedback_negative_choices",
      "label": "Negative feedback choices",
      "description": "The negative feedback choices to be displayed to the user",
      "defaultValue": [],
      "visibilityCondition": "model.logging_dataset"
    },
    {
      "type": "FOLDER",
      "name": "upload_folder",
      "label": "Upload Documents Folder",
      "description": "The folder saves images and documents uploaded by users while chatting. Image upload is only activated if it is supported by the LLM.",
      "mandatory": false
    },
    {
      "name": "allow_general_feedback",
      "type": "BOOLEAN",
      "label": "Allow user feedback",
      "description": "Check this option to allow users providing their feedback on answers.",
      "defaultValue": false,
      "mandatory": false
    },
    {
      "type": "DATASET",
      "name": "general_feedback_dataset",
      "label": "General feedback dataset *",
      "description": "Dataset to store general feedback provided. Must be SQL.",
      "visibilityCondition": "model.allow_general_feedback",
      "mandatory": true,
      "acceptsDataset": true,
      "canSelectForeign": false,
      "canCreateDataset": true,
      "markCreatedAsBuilt": true
    },
    {
      "name": "sepllm",
      "label": "LLM configuration",
      "type": "SEPARATOR"
    },
    {
      "type": "SELECT",
      "name": "llm_id",
      "label": "LLM *",
      "parameterSetId": "llm_id",
      "mandatory": true,
      "getChoicesFromPython": true
    },
    {
      "type": "INT",
      "name": "max_llm_tokens",
      "label": "Maximum number of LLM output tokens*.",
      "defaultValue": 2048,
      "mandatory": true
    },
    {
      "type": "TEXTAREA",
      "name": "primer_prompt",
      "label": "Configure your  LLM when no knowledge bank or table retrieval is required *",
      "defaultValue": "Please act as a business analyst and return concise answers no more than 3 lines",
      "mandatory": true
    },
    {
      "type": "BOOLEAN",
      "name": "show_advanced_settings",
      "label": "Show advanced prompt settings",
      "defaultValue": false,
      "mandatory": false,
      "description": "Enable this option to see advanced settings for the chat bot"
    },
    {
      "type": "TEXTAREA",
      "name": "system_prompt",
      "label": "Configure your conversation system prompt *",
      "visibilityCondition": "model.show_advanced_settings",
      "defaultValue": "The following is a friendly conversation between a human and an AI. The AI is talkative and provides lots of specific details from its context. If the AI does not know the answer to a question, it truthfully says it does not know.",
      "description": "Only change this if you are sure of what you are doing",
      "mandatory": true
    },
    {
      "type": "BOOLEAN",
      "name": "force_streaming_mode",
      "label": "Force streaming mode",
      "visibilityCondition": "model.show_advanced_settings",
      "defaultValue": false,
      "mandatory": false,
      "description": "Enable this if you are using a custom model that you know supports streaming mode and Answers can't detect that capability."
    },
    {
      "type": "BOOLEAN",
      "name": "force_multi_modal_mode",
      "label": "Force multi modal mode",
      "visibilityCondition": "model.show_advanced_settings",
      "defaultValue": false,
      "mandatory": false,
      "description": "Enable this if you are using a custom model that you know supports multi modal mode and Answers can't detect that capability."
    },
    {
      "type": "SELECT",
      "name": "title_llm_id",
      "label": "LLM For Title Generation",
      "parameterSetId": "title_llm_id",
      "mandatory": false,
      "getChoicesFromPython": true,
      "description": "This LLM will be used to generate titles for the user conversations. If not provided, the main LLM will be used."
    },
    {
      "type": "SELECT",
      "name": "json_decision_llm_id",
      "label": "LLM For Decisions Generation",
      "parameterSetId": "json_decision_llm_id",
      "mandatory": false,
      "getChoicesFromPython": true,
      "description": "This LLM will be used to generate decisions in JSON format. If not provided, the main LLM will be used."
    },
    {
      "type": "BOOLEAN",
      "name": "enable_image_generation",
      "label": "Enable Image generation for users",
      "defaultValue": false,
      "mandatory": false,
      "description": "Enable this to allow users to generate images from the LLM."
    },
    {
      "type": "SELECT",
      "name": "image_generation_llm_id",
      "label": "Image generation LLM *",
      "parameterSetId": "image_generation_llm_id",
      "visibilityCondition": "model.enable_image_generation",
      "mandatory": true,
      "getChoicesFromPython": true
    },
    {
      "type": "TEXTAREA",
      "name": "image_generation_system_prompt",
      "label": "Configure the query builder prompt for image generation",
      "visibilityCondition": "model.enable_image_generation && model.image_generation_llm_id != null && model.image_generation_llm_id != ''",
      "defaultValue": "",
      "description": "You can add your custom guidelines for image generation. Only change this if you are sure of what you are doing.",
      "mandatory": false
    },
    {
      "type": "INT",
      "name": "max_images_per_user_per_week",
      "label": "Weekly image generation limit per user",
      "description": "Specify the maximum number of images a user is allowed to generate each week. Set to 0 to allow unlimited image generation.",
      "visibilityCondition": "model.enable_image_generation && model.image_generation_llm_id != null && model.image_generation_llm_id != ''",
      "defaultValue": 0,
      "minI": 0,
      "mandatory": false
    },
    {
      "name": "sepdoc",
      "label": "Document Upload",
      "type": "SEPARATOR"
    },
    {
      "type": "INT",
      "name": "max_upload_size_mb",
      "label": "Maximum upload file size in MB.",
      "defaultValue": 15,
      "minI": 1,
      "maxI": 50,
      "mandatory": false
    },
    {
      "type": "INT",
      "name": "max_n_upload_files",
      "label": "Maximum number of files that can be uploaded at once",
      "defaultValue": 5,
      "minI": 0,
      "maxI": 50,
      "mandatory": false,
      "description": "Setting this value to zero will disable document upload."
    },
    {
      "type": "BOOLEAN",
      "name": "allow_doc_as_image",
      "label": "Send PDF pages as images instead of extracting text",
      "defaultValue": true,
      "mandatory": false,
      "description": "This option requires a multimodal language model and is recommended only for PDFs containing visual content, such as graphs, images, or tables. Enabling this increases both cost and latency."
    },
    {
      "type": "INT",
      "name": "docs_per_page_as_image",
      "label": "Maximum number of PDF pages to send as images.",
      "visibilityCondition": "model.allow_doc_as_image",
      "defaultValue": 5,
      "minI": 1,
      "maxI": 50,
      "mandatory": false,
      "description": "If the number of pages exceeds this limit, text will be extracted from the pages instead of sending them as images."
    },
    {
      "name": "sepret",
      "label": "Retrieval Method",
      "type": "SEPARATOR"
    },
    {
      "type": "SELECT",
      "name": "retrieval_mode",
      "label": "Which retrieval method should be used? *",
      "selectChoices": [
        {
          "value": "no_retriever",
          "label": "No retrieval. LLM answer only "
        },
        {
          "value": "kb",
          "label": "Use knowledge bank retrieval (for searches within text) "
        },
        {
          "value": "db",
          "label": "Use dataset retrieval (for specific answers from a table)"
        }
      ],
      "defaultValue": "no_retriever",
      "mandatory": true
    },
    {
      "name": "sepKB",
      "label": "Knowledge retrieval parameters",
      "type": "SEPARATOR",
      "visibilityCondition": "model.retrieval_mode == 'kb'"
    },
    {
      "type": "SELECT",
      "name": "knowledge_bank_id",
      "label": "Knowledge bank",
      "defaultValue": "None",
      "mandatory": false,
      "getChoicesFromPython": true,
      "visibilityCondition": "model.retrieval_mode == 'kb'"
    },
    {
      "type": "STRING",
      "name": "knowledge_bank_custom_name",
      "label": "Customize knowledge bank's Name",
      "defaultValue": "",
      "mandatory": false,
      "visibilityCondition": "model.retrieval_mode == 'kb' && model.knowledge_bank_id != null && model.knowledge_bank_id != ''"
    },
    {
      "name": "activate_knowledge_bank",
      "type": "BOOLEAN",
      "label": "Activate the knowledge bank By Default",
      "defaultValue": true,
      "mandatory": false,
      "visibilityCondition": "model.retrieval_mode == 'kb' && model.knowledge_bank_id != null && model.knowledge_bank_id != ''"
    },
    {
      "name": "enable_smart_usage_of_kb",
      "type": "BOOLEAN",
      "label": "Let 'Answers' decide when to use the Knowledge Bank based",
      "description": "Disable this option to require the LLM to always use the knowledge bank when one is selected.\n If enabled (default), the LLM will decide when to use the knowledge bank based on its description and the user input.\n We recommend keeping this option enabled for optimal results.",
      "defaultValue": true,
      "mandatory": false,
      "visibilityCondition": "model.retrieval_mode == 'kb' && model.knowledge_bank_id != null && model.knowledge_bank_id != ''"
    },
    {
      "name": "knowledge_bank_description",
      "type": "TEXTAREA",
      "label": "Knowledge bank description",
      "description": "Describe the content of the knowledge bank to help the LLM decide whether it should use the knowledge bank or not.",
      "defaultValue": "",
      "mandatory": false,
      "visibilityCondition": "model.retrieval_mode == 'kb' && (model.knowledge_bank_id != null && model.knowledge_bank_id != ''&& (model.enable_smart_usage_of_kb))"
    },
    {
      "type": "TEXTAREA",
      "name": "knowledge_bank_prompt",
      "label": "Configure your LLM in the context of the knowledge bank *",
      "defaultValue": "",
      "mandatory": true,
      "visibilityCondition": "model.retrieval_mode == 'kb' && model.knowledge_bank_id != null && model.knowledge_bank_id != ''"
    },
    {
      "type": "BOOLEAN",
      "name": "show_kb_advanced_settings",
      "label": "Show advanced retrieval settings",
      "visibilityCondition": "model.retrieval_mode == 'kb' && model.knowledge_bank_id != null && model.knowledge_bank_id != ''",
      "defaultValue": false,
      "mandatory": false,
      "description": "Enable this option to see advanced settings for the knowledge retrieval"
    },
    {
      "type": "TEXTAREA",
      "name": "knowledge_bank_system_prompt",
      "label": "Configure your retrieval system prompt",
      "visibilityCondition": "model.retrieval_mode == 'kb' && model.show_kb_advanced_settings && model.knowledge_bank_id != null && model.knowledge_bank_id != ''",
      "defaultValue": "Given the following specific context, please give a short answer to the question at the end, If you don't know the answer, just say that you don't know, don't try to make up an answer.",
      "description": "Only change this if you are sure of what you are doing",
      "mandatory": false
    },
    {
      "name": "knowledge_retrieval_k",
      "type": "INT",
      "label": "Number of documents to retrieve",
      "defaultValue": 3,
      "mandatory": false,
      "visibilityCondition": "model.retrieval_mode == 'kb' && model.knowledge_bank_id != null && model.knowledge_bank_id != ''"
    },
    {
      "type": "SELECT",
      "name": "knowledge_retrieval_search_type",
      "label": "Search type *",
      "selectChoices": [
        {
          "value": "similarity",
          "label": "Similarity Score Only"
        },
        {
          "value": "similarity_score_threshold",
          "label": "Similarity Score with Threshold"
        },
        {
          "value": "mmr",
          "label": "Improve diversity of documents"
        }
      ],
      "defaultValue": "similarity",
      "visibilityCondition": "model.retrieval_mode == 'kb' && model.knowledge_bank_id != null && model.knowledge_bank_id != ''",
      "mandatory": true
    },
    {
      "name": "knowledge_retrieval_mmr_k",
      "type": "INT",
      "label": "Diversity selection documents",
      "mandatory": false,
      "defaultValue": 20,
      "visibilityCondition": "model.retrieval_mode == 'kb' && model.knowledge_bank_id != null && model.knowledge_bank_id != '' && model.knowledge_retrieval_search_type == 'mmr' "
    },
    {
      "name": "knowledge_retrieval_mmr_diversity",
      "type": "DOUBLE",
      "label": "Diversity factor",
      "mandatory": false,
      "defaultValue": 0.25,
      "description": "1 minimum diversity and 0 maximum.",
      "minD": 0,
      "maxD": 1,
      "visibilityCondition": "model.retrieval_mode == 'kb' && model.knowledge_bank_id != null && model.knowledge_bank_id != '' && model.knowledge_retrieval_search_type == 'mmr' "
    },
    {
      "name": "knowledge_retrieval_score_threshold",
      "type": "DOUBLE",
      "label": "Similarity score with threshold (0-1)",
      "mandatory": false,
      "defaultValue": 0.5,
      "minD": 0,
      "maxD": 1,
      "description": "Should be between 0 and 1. Higher values mean more similar. Setting too high can lead to no documents being retrieved.",
      "visibilityCondition": "model.retrieval_mode == 'kb' && model.knowledge_bank_id != null && model.knowledge_bank_id != '' && model.knowledge_retrieval_search_type == 'similarity_score_threshold' "
    },
    {
      "type": "BOOLEAN",
      "name": "filter_logged_sources",
      "label": "Filter logged sources",
      "defaultValue": false,
      "mandatory": false,
      "description": "Enable this option to limit the number of sources that are logged in the 'Logging Dataset'",
      "visibilityCondition": "model.retrieval_mode == 'kb' && model.knowledge_bank_id != null && model.knowledge_bank_id != ''"
    },
    {
      "name": "n_top_sources_to_log",
      "type": "INT",
      "label": "Number of top sources to log:",
      "visibilityCondition": "model.filter_logged_sources && model.retrieval_mode == 'kb' && model.knowledge_bank_id != null && model.knowledge_bank_id != ''",
      "description": "'-1' keeps all sources.",
      "minI": -1,
      "maxI": 100,
      "defaultValue": -1,
      "mandatory": false
    },
    {
      "name": "display_source_chunks",
      "type": "BOOLEAN",
      "label": "Display source extracts",
      "defaultValue": true,
      "mandatory": false,
      "description": "Display source extracts to the end user. It is enabled by default, disable to hide them.",
      "visibilityCondition": "model.retrieval_mode == 'kb' && model.knowledge_bank_id != null && model.knowledge_bank_id != ''"
    },
    {
      "name": "knowledge_sources_context_metadata",
      "type": "MULTISELECT",
      "label": "Select the metadata to include in the context of the LLM",
      "getChoicesFromPython": true,
      "defaultValue": false,
      "mandatory": false,
      "visibilityCondition": "model.retrieval_mode == 'kb' && model.knowledge_bank_id != null && model.knowledge_bank_id != ''"
    },
    {
      "type": "BOOLEAN",
      "name": "enable_llm_citations",
      "label": "Enable LLM citations",
      "defaultValue": false,
      "visibilityCondition": "model.retrieval_mode == 'kb' && model.knowledge_bank_id != null && model.knowledge_bank_id != ''",
      "mandatory": false,
      "description": "Enable this option to get sources citations in the answer generated by the LLM"
    },
    {
      "name": "sepfilter",
      "label": "Filters and metadata parameters",
      "type": "SEPARATOR",
      "visibilityCondition": "model.retrieval_mode == 'kb' && model.knowledge_bank_id != null && model.knowledge_bank_id != ''"
    },
    {
      "name": "knowledge_sources_filters",
      "type": "MULTISELECT",
      "label": "Select the metadata to make available as filters, currently only string metas are supported",
      "getChoicesFromPython": true,
      "defaultValue": false,
      "mandatory": false,
      "visibilityCondition": "model.retrieval_mode == 'kb' && model.knowledge_bank_id != null && model.knowledge_bank_id != ''"
    },
    {
      "name": "knowledge_enable_auto_filtering",
      "type": "BOOLEAN",
      "label": "Enable LLM to perform auto filtering based on the available filters",
      "defaultValue": false,
      "mandatory": false,
      "visibilityCondition": "model.retrieval_mode == 'kb' && model.knowledge_bank_id != null && model.knowledge_bank_id != ''"
    },
    {
      "name": "knowledge_sources_displayed_metas",
      "type": "MULTISELECT",
      "label": "Select the metadata to display along with sources",
      "getChoicesFromPython": true,
      "defaultValue": false,
      "mandatory": false,
      "visibilityCondition": "model.retrieval_mode == 'kb' && model.knowledge_bank_id != null && model.knowledge_bank_id != ''"
    },
    {
      "name": "knowledge_source_url",
      "type": "SELECT",
      "label": "Select the metadata holding the url to access a source",
      "getChoicesFromPython": true,
      "defaultValue": false,
      "mandatory": false,
      "visibilityCondition": "model.retrieval_mode == 'kb' && model.knowledge_bank_id != null && model.knowledge_bank_id != ''"
    },
    {
      "name": "knowledge_source_title",
      "type": "SELECT",
      "label": "Select the metadata holding the title of a source",
      "getChoicesFromPython": true,
      "defaultValue": false,
      "mandatory": false,
      "visibilityCondition": "model.retrieval_mode == 'kb' && model.knowledge_bank_id != null && model.knowledge_bank_id != ''"
    },
    {
      "name": "knowledge_source_thumbnail",
      "type": "SELECT",
      "label": "Select the metadata holding the url of the thumbnail of a source",
      "getChoicesFromPython": true,
      "defaultValue": false,
      "mandatory": false,
      "visibilityCondition": "model.retrieval_mode == 'kb' && model.knowledge_bank_id != null && model.knowledge_bank_id != ''"
    },
    {
      "name": "sepDB",
      "label": "Dataset Retrieval Parameters",
      "type": "SEPARATOR",
      "visibilityCondition": "model.retrieval_mode == 'db'",
      "description": "Customize the dataset retrieval settings in order to be able to ask questions about a dataset."
    },
    {
      "type": "SELECT",
      "name": "sql_retrieval_connection",
      "label": "Choose connection",
      "visibilityCondition": "model.retrieval_mode == 'db'",
      "getChoicesFromPython": true
    },
    {
      "type": "STRING",
      "name": "sql_retrieval_custom_name",
      "label": "Customize how the connection is displayed",
      "defaultValue": "",
      "mandatory": false,
      "visibilityCondition": "model.retrieval_mode == 'db'"
    },
    {
      "name": "sql_retrieval_table_list",
      "type": "MULTISELECT",
      "label": "Choose dataset(s) *",
      "getChoicesFromPython": true,
      "description": "Must be SQL. It is essential that this dataset has a description (add under details > short description) and that each column has a description (click column name > edit column schema > DESCRIPTION)",
      "visibilityCondition": "model.retrieval_mode == 'db' && model.sql_retrieval_connection != null && model.sql_retrieval_connection != ''"
    },
    {
      "name": "sql_retrieval_suggested_joins",
      "label": "Define Column Mappings",
      "type": "OBJECT_LIST",
      "visibilityCondition": "model.retrieval_mode == 'db' && model.sql_retrieval_connection != null && model.sql_retrieval_connection != ''",
      "subParams": [
        {
          "type": "SEPARATOR",
          "label": "Column Mapping"
        },
        {
          "name": "sql_left_column",
          "type": "SELECT",
          "label": "Choose a column",
          "getChoicesFromPython": true

        },
        {
          "name": "sql_right_column",
          "type": "SELECT",
          "label": "Choose a column",
          "getChoicesFromPython": true

        }
      ]
    },
    {
      "type": "TEXTAREA",
      "name": "db_prompt",
      "label": "Configure your LLM in the context of the dataset",
      "visibilityCondition": "model.retrieval_mode == 'db' && model.sql_retrieval_connection != null && model.sql_retrieval_connection != ''",      
      "mandatory": false
    },
    {
      "type": "BOOLEAN",
      "name": "show_db_advanced_settings",
      "label": "Show advanced dataset retrieval settings",
      "visibilityCondition": "model.retrieval_mode == 'db' && model.sql_retrieval_connection != null && model.sql_retrieval_connection != ''",      
      "defaultValue": false,
      "mandatory": false,
      "description": "Enable this option to see advanced settings for the knowledge retrieval"
    },
    {
      "type": "TEXTAREA",
      "name": "db_system_prompt",
      "label": "Configure your retrieval system prompt",
      "visibilityCondition": "model.retrieval_mode == 'db' && model.show_db_advanced_settings && model.sql_retrieval_connection != null && model.sql_retrieval_connection != ''",
      "defaultValue": "Given the following specific context taken from SQL table, please give a short answer to the question at the end. If you don't know the answer, just say that you don't know, don't try to make up an answer. Do not explain or mention the SQL query, table names, or column names in your response unless directly relevant and necessary to answer the question.",
      "description": "Only change this if you are sure of what you are doing",
      "mandatory": false
    },
    {
      "type": "MAP",
      "name": "db_query_examples",
      "label": "Questions and their expected SQL queries",
      "visibilityCondition": "model.retrieval_mode == 'db' && model.show_db_advanced_settings && model.sql_retrieval_connection != null && model.sql_retrieval_connection != ''",
      "description": "Provide examples of questions and their expected SQL queries from the table(s) that you have selected. It is essential that the table name is exactly the same as the one in the SQL query. You can test this by running the query in a SQL notebook.",
      "mandatory": false
    },
    {
      "name": "hard_sql_limit",
      "type": "INT",
      "label": "Hard limit on SQL queries",
      "visibilityCondition": "model.retrieval_mode == 'db' &&  model.show_db_advanced_settings && model.sql_retrieval_connection != null && model.sql_retrieval_connection != ''",      
      "description": "Set the LIMIT on the SQL call that is performed. Settings this too high can mean that too much data is retrieved. Too much data in the context can exceed the context window limit. Setting it low can mean information is missing causing inaccurate answers",
      "minI": 10,
      "maxI": 450,
      "defaultValue": 50,
      "mandatory": false
    },
    {
      "name": "display_sql_query",
      "type": "BOOLEAN",
      "label": "Display SQL in sources",
      "defaultValue": false,
      "visibilityCondition": "model.retrieval_mode == 'db' && model.show_db_advanced_settings &&  model.sql_retrieval_connection != null && model.sql_retrieval_connection != ''"    },
    {
      "name": "sepuser",
      "label": "End user configuration",
      "type": "SEPARATOR"
    },
    {
      "type": "TEXTAREA",
      "name": "web_app_title",
      "label": "Displayed title *",
      "defaultValue": "Ask directly questions to your document corpus",
      "mandatory": true
    },
    {
      "type": "TEXTAREA",
      "name": "web_app_subheading",
      "label": "Displayed subheading",
      "defaultValue": "Answers are sourced from the processed documents, delivered in natural language and accompanied by the most relevant references.",
      "mandatory": false
    },
    {
      "type": "TEXTAREA",
      "name": "web_app_input_placeholder",
      "label": "Displayed placeholder text in the 'question input' field",
      "defaultValue": "Ask your question",
      "mandatory": false
    },
    {
      "type": "ARRAY",
      "name": "example_questions",
      "label": "Example questions",
      "description": "Configure example questions that users can pose. Only text type is supported (String or TextArea).",
      "defaultValue": [
        "What are the primary causes of the recent increase in global temperatures?",
        "How does quantum computing differ from classical computing in terms of processing information?",
        "Whats the most popular language globally?"
      ]
    },
    {
      "type": "TEXTAREA",
      "name": "disclaimer",
      "label": "Displayed disclaimer text (in the footer of the web app)",
      "defaultValue": "This application is powered by a Large Language Model. Review proposed outcomes in context with <span style=\"color: #267cfb; text-decoration: underline\">Responsible AI</span> considerations",
      "mandatory": false
    },
    {
      "name": "sepuserprofile",
      "label": "User Profile Settings",
      "type": "SEPARATOR"
    },
    {
      "type": "KEY_VALUE_LIST",
      "name": "user_profile_languages",
      "label": "User profile Languages",
      "description": "Configure The list of languages to make available to users, language is part of the user profile.",
      "defaultValue": [
        {
          "from": "ar",
          "to": "Arabic"
        },
        {
          "from": "zh",
          "to": "Chinese"
        },
        {
          "from": "en",
          "to": "English"
        },
        {
          "from": "fr",
          "to": "French"
        },
        {
          "from": "de",
          "to": "German"
        },
        {
          "from": "it",
          "to": "Italian"
        },
        {
          "from": "ja",
          "to": "Japanese"
        },
        {
          "from": "ko",
          "to": "Korean"
        },
        {
          "from": "pt",
          "to": "Portuguese"
        },
        {
          "from": "ru",
          "to": "Russian"
        },
        {
          "from": "es",
          "to": "Spanish"
        }
      ]
    },
    {
      "type": "KEY_VALUE_LIST",
      "name": "user_profile_settings",
      "label": "User profile settings",
      "description": "Configure various settings that a user can set up as part of their profile. The additional settings defined here will be filled in by the user as strings and will be included in LLM prompts to provide more accurate and customized responses. Each setting should have a 'KEY' representing the setting attribute and a 'VALUE' which is its description.",
      "defaultValue": []
    },
    {
      "type": "BOOLEAN",
      "name": "include_user_profile_in_KB_prompt",
      "label": "Add profile information to LLM context",
      "description": "Does not apply in case of Dataset Retrieval Mode",
      "defaultValue": false
    },
    {
      "type": "DATASET",
      "name": "user_profile_dataset",
      "label": "User profile dataset *",
      "description": "Dataset to store user profiles. Must be SQL. If you use the same dataset between different webapps, the user profile will be shared between them.",
      "mandatory": true,
      "acceptsDataset": true,
      "canSelectForeign": false,
      "canCreateDataset": true,
      "markCreatedAsBuilt": true
    },
    {
      "name": "use_custom_rebranding",
      "label": "Enable custom rebranding",
      "type": "BOOLEAN",
      "defaultValue": false,
      "description": "Enable this option to customize the webapp's appearance. You can rebrand the webapp by applying custom style without changing the webapp code. Navigate to ᎒᎒᎒ > Global Shared Code > Static Web Resources, create `answers` folder with a folder of your custom theme. \n The file structure should be /answers/YOUR_THEME/.... For css changes, add a `custom.css` file inside the `answers`. To customize fonts, create `fonts` folder inside `answers` and add `fonts.css`. To customize the logo and icon, add an images folder inside `answers` and add the logo and icon files. Specify the file names below."
    },
    {
      "name": "custom_theme_name",
      "label": "Theme name",
      "type": "STRING",
      "defaultValue": "",
      "description": "Add your custom theme name so that icons, fonts and css are fetched from the correct folder `/answers/YOUR_THEME`. If left empty, the default theme will be used.",
      "visibilityCondition": "model.use_custom_rebranding"
    },
    {
      "name": "custom_logo_file_name",
      "label": "Logo file name",
      "type": "STRING",
      "defaultValue": "logo.png",
      "description": "Add the logo to /answers/YOUR_THEME/images/IMAGE_NAME.png. Accepted extensions are .png, .jpg, .jpeg. The style of the logo can be managed in the custom.css file with .logo-container .logo-img { ... }.",
      "visibilityCondition": "model.use_custom_rebranding"
    },
    {
      "name": "custom_icon_file_name",
      "label": "Icon file name",
      "type": "STRING",
      "defaultValue": "answer-icon.png",
      "description": "Add the logo to /answers/YOUR_THEME/images/answer-icon.png. Accepted extensions are .png, .jpg, .jpeg. The icon is displayed at 24px x 24px.",
      "visibilityCondition": "model.use_custom_rebranding"
    },
    {
      "name": "sepweb",
      "label": "WebApplication Configuration",
      "type": "SEPARATOR"
    },
    {
      "type": "SELECT",
      "name": "language",
      "label": "Language *",
      "selectChoices": [
        {
          "value": "en",
          "label": "English"
        },
        {
          "value": "fr",
          "label": "French"
        },
        {
          "value": "es",
          "label": "Spanish"
        },
        {
          "value": "de",
          "label": "German"
        },
        {
          "value": "ja",
          "label": "Japanese"
        },
        {
          "value": "ko",
          "label": "Korean"
        }
      ],
      "defaultValue": "en",
      "mandatory": true
    },
    {
      "type": "SELECT",
      "name": "log_level",
      "label": "Logs level *",
      "selectChoices": [
        {
          "value": "DEBUG",
          "label": "DEBUG"
        },
        {
          "value": "INFO",
          "label": "INFO"
        },
        {
          "value": "WARN",
          "label": "WARN"
        },
        {
          "value": "ERROR",
          "label": "ERROR"
        },
        {
          "value": "CRITICAL",
          "label": "CRITICAL"
        }
      ],
      "defaultValue": "INFO",
      "mandatory": true
    },
    {
      "type": "KEY_VALUE_LIST",
      "name": "http_headers",
      "label": "HTTP Headers to include in WebApplication HTTP Response"
    },
    {
      "name": "max_thread_workers_number",
      "type": "INT",
      "defaultValue": 0,
      "label": "Number of logging dataset writers",
      "description": "The number of threads that will write the data into logging dataset. Increase this number if you have a high number of queries.",
      "minI": 0,
      "max": 100,
      "visibilityCondition": false
    }
  ]
}
