{
    "meta": {
        "label": "Compute sentence similarity",
        "description": "Compute the similarity of two colums of text using sentence embeddings.",
        "icon": "icon-columns"
    },
    "kind": "PYTHON",
    "selectableFromDataset": "input_dataset",
    "inputRoles": [
        {
            "name": "input_dataset",
            "label": "Input dataset",
            "description": "The dataset that contains the column of interest",
            "arity": "UNARY",
            "required": true,
            "acceptsDataset": true
        },
        {
            "name": "embedding_folder",
            "label": "Embedding folder",
            "description": "The folder containing the pre-trained word embeddings",
            "arity": "UNARY",
            "required": true,
            "acceptsManagedFolder": true,
            "acceptsDataset": false
        }
    ],
    "outputRoles": [
        {
            "name": "output_dataset",
            "label": "Output dataset",
            "description": "A copy of the input dataset with an additional column of sentence embeddings",
            "arity": "UNARY",
            "required": true,
            "acceptsDataset": true
        }
    ],
    "params": [
        {
            "name": "text_column_1",
            "label": "Text column 1",
            "type": "COLUMN",
            "description": "",
            "mandatory": true,
            "columnRole": "input_dataset"
        },
        {
            "name": "text_column_2",
            "label": "Text column 2",
            "type": "COLUMN",
            "description": "",
            "mandatory": true,
            "columnRole": "input_dataset"
        },
        {
            "name": "distance",
            "label": "Distance",
            "type": "SELECT",
            "mandatory": true,
            "selectChoices": [
                {
                    "value": "cosine",
                    "label": "Cosine Distance"
                },
                {
                    "value": "euclidean",
                    "label": "Euclidean Distance"
                },
                {
                    "value": "absolute",
                    "label": "Absolute Distance"
                },
                {
                    "value": "wasserstein",
                    "label": "Earth-Mover Distance"
                }
            ],
            "defaultValue": "cosine"
        },
        {
            "name": "aggregation_method",
            "label": "Aggregation method",
            "type": "SELECT",
            "mandatory": true,
            "selectChoices": [
                {
                    "value": "simple_average",
                    "label": "Simple Average"
                },
                {
                    "value": "SIF",
                    "label": "SIF Embedding"
                }
            ],
            "defaultValue": "simple_average"
        },
        {
            "name": "embedding_is_custom",
            "label": "Use custom embedding",
            "description": "Tick this box if you are using a custom embedding.",
            "type": "BOOLEAN",
            "defaultValue": false
        },
        {
            "visibilityCondition": "model.aggregation_method=='SIF'",
            "name": "advanced_settings",
            "label": "Advanced Settings",
            "description": "To set SIF smoothing parameters and number of components.",
            "type": "BOOLEAN",
            "defaultValue": false
        },
        {
            "visibilityCondition": "model.advanced_settings && model.aggregation_method=='SIF'",
            "name": "smoothing_parameter",
            "label": "[SIF] Smoothing Parameter",
            "description": "Used for computing SIF weights.",
            "type": "DOUBLE",
            "defaultValue": 0.001
        },
        {
            "visibilityCondition": "model.advanced_settings && model.aggregation_method=='SIF'",
            "name": "n_principal_components",
            "label": "[SIF] Principal Components",
            "description": "Number of components to remove in SIF computation.",
            "type": "INT",
            "defaultValue": 1
        }
    ]
}
