{
    "id": "custom-sentence-embedding",
    "version": "2.1.0",
    "meta": {
        "label": "Custom Text Embedding",
        "category": "Natural Language Processing",
        "description": "Compute numerical representations for text data so that they can be fed to ML algorithms",
        "author": "Dataiku (Hicham El Boukkouri) & Modified By: Raihan Hidayatullah Djunaedi",
        "icon": "icon-list-alt",
        "licenseInfo": "Apache Software License",
        "url": "https://www.dataiku.com/product/plugins/sentence-embedding/",
        "tags": [
            "NLP",
            "Machine Learning",
            "AutoML"
        ]
    }
}